WORD_ID,VOCAB_WORD
0,http
1,use
2,list
3,email
4,get
5,mail
6,one
7,free
8,time
9,work
10,messag
11,make
12,like
13,would
14,peopl
15,inform
16,new
17,receiv
18,pleas
19,address
20,busi
21,click
22,want
23,us
24,need
25,order
26,remov
27,also
28,go
29,year
30,send
31,money
32,file
33,compani
34,system
35,name
36,wrote
37,report
38,way
39,user
40,look
41,chang
42,site
43,day
44,state
45,know
46,program
47,may
48,see
49,call
50,could
51,group
52,even
53,think
54,includ
55,linux
56,first
57,offer
58,take
59,say
60,servic
61,right
62,world
63,tri
64,help
65,find
66,market
67,internet
68,product
69,mani
70,much
71,home
72,said
73,web
74,softwar
75,problem
76,date
77,line
78,spam
79,start
80,check
81,number
82,run
83,good
84,thing
85,link
86,well
87,subject
88,phone
89,interest
90,govern
91,person
92,provid
93,set
94,today
95,come
96,give
97,best
98,million
99,server
100,follow
101,back
102,form
103,rate
104,month
105,everi
106,secur
107,gener
108,price
109,url
110,still
111,comput
112,packag
113,instal
114,avail
115,sent
116,code
117,life
118,commun
119,version
120,read
121,sinc
122,ad
123,grant
124,maintain
125,sponsor
126,thank
127,network
128,credit
129,two
130,differ
131,without
132,made
133,develop
134,support
135,within
136,week
137,write
138,save
139,realli
140,case
141,page
142,subscript
143,someth
144,irish
145,current
146,un
147,last
148,anyon
149,onlin
150,complet
151,sure
152,requir
153,seem
154,card
155,build
156,custom
157,manag
158,never
159,de
160,ilug
161,better
162,special
163,keep
164,window
165,point
166,ca
167,place
168,search
169,per
170,anoth
171,found
172,actual
173,access
174,repli
175,result
176,contact
177,question
178,part
179,base
180,listmast
181,futur
182,issu
183,old
184,put
185,wish
186,next
187,long
188,let
189,countri
190,live
191,must
192,hour
193,end
194,invest
195,process
196,easi
197,mean
198,unsubscrib
199,lot
200,unit
201,great
202,got
203,guarante
204,nation
205,show
206,technolog
207,account
208,might
209,power
210,releas
211,legal
212,cost
213,data
214,allow
215,sourc
216,success
217,news
218,engin
219,possibl
220,trade
221,profession
222,idea
223,post
224,increas
225,pay
226,advertis
227,ask
228,public
229,error
230,open
231,test
232,websit
233,opportun
234,real
235,sell
236,ever
237,less
238,respons
239,insur
240,plan
241,design
242,tell
243,visit
244,creat
245,word
246,buy
247,howev
248,reason
249,prefer
250,heaven
251,someon
252,effect
253,aug
254,cd
255,sale
256,law
257,improv
258,applic
259,instead
260,around
261,fact
262,least
263,box
264,dollar
265,ye
266,rpm
267,american
268,fix
269,job
270,copi
271,simpl
272,probabl
273,cours
274,origin
275,believ
276,contain
277,fax
278,move
279,type
280,happen
281,friend
282,though
283,littl
284,total
285,financi
286,share
287,welcom
288,request
289,exampl
290,add
291,abl
292,client
293,els
294,perl
295,format
296,anyth
297,valu
298,alway
299,simpli
300,high
301,alreadi
302,fill
303,protect
304,full
305,cash
306,mailto
307,feel
308,directori
309,import
310,regard
311,purchas
312,bit
313,stop
314,signatur
315,licens
316,note
317,intern
318,polici
319,experi
320,answer
321,exist
322,updat
323,return
324,past
325,learn
326,famili
327,info
328,sep
329,top
330,geek
331,becom
332,ship
333,age
334,act
335,instruct
336,lead
337,drive
338,small
339,suppli
340,second
341,control
342,member
343,databas
344,select
345,thousand
346,low
347,recent
348,incom
349,citi
350,featur
351,etc
352,stuff
353,minut
354,limit
355,yet
356,industri
357,done
358,sever
359,turn
360,folder
361,appli
362,tool
363,continu
364,understand
365,detail
366,c
367,guid
368,everyth
369,noth
370,step
371,exmh
372,oper
373,notic
374,enough
375,claim
376,big
377,e
378,care
379,sign
380,caus
381,univers
382,letter
383,larg
384,key
385,three
386,hard
387,thinkgeek
388,other
389,connect
390,bill
391,record
392,accept
393,discuss
394,thu
395,term
396,via
397,play
398,specif
399,offic
400,pgp
401,option
402,talk
403,text
404,america
405,mayb
406,immedi
407,direct
408,deal
409,download
410,major
411,seen
412,hope
413,forc
414,subscrib
415,comment
416,kind
417,thought
418,individu
419,decid
420,rule
421,lose
422,log
423,plu
424,method
425,natur
426,matter
427,true
428,either
429,risk
430,yahoo
431,rememb
432,assist
433,content
434,rather
435,quot
436,present
437,mime
438,away
439,wait
440,bank
441,r
442,fund
443,kernel
444,local
445,hand
446,project
447,secret
448,hundr
449,loan
450,level
451,matthia
452,train
453,corpor
454,research
455,consid
456,razor
457,area
458,august
459,book
460,forward
461,addit
462,root
463,stori
464,polit
465,machin
466,bad
467,target
468,standard
469,benefit
470,entir
471,war
472,quit
473,suggest
474,appear
475,copyright
476,document
477,bodi
478,global
479,presid
480,author
481,bug
482,posit
483,often
484,expect
485,distribut
486,center
487,human
488,mind
489,juli
490,septemb
491,grow
492,jul
493,ago
494,hit
495,qualiti
496,size
497,trust
498,partner
499,easili
500,absolut
501,island
502,whether
503,agent
504,pm
505,love
506,join
507,activ
508,b
509,given
510,involv
511,solut
512,collect
513,amount
514,happi
515,fast
516,associ
517,charg
518,domain
519,promot
520,man
521,whole
522,dvd
523,earn
524,far
525,sort
526,later
527,parti
528,fork
529,feder
530,hi
531,submit
532,mortgag
533,upon
534,wed
535,meet
536,potenti
537,refer
538,wrong
539,enter
540,nice
541,tm
542,load
543,wonder
544,john
545,econom
546,social
547,almost
548,singl
549,publish
550,transact
551,red
552,discov
553,reach
554,everyon
555,close
556,view
557,fail
558,pass
559,execut
560,sound
561,privat
562,depend
563,perform
564,women
565,profit
566,broadcast
567,attack
568,newslett
569,relat
570,paid
571,automat
572,statement
573,contract
574,effort
575,mark
576,media
577,delet
578,foreign
579,begin
580,compil
581,final
582,sequenc
583,miss
584,regist
585,bush
586,spamassassin
587,x
588,figur
589,cell
590,handl
591,stock
592,command
593,header
594,action
595,similar
596,locat
597,tuesday
598,pick
599,display
600,game
601,transfer
602,templ
603,disk
604,wo
605,hat
606,digit
607,produc
608,chri
609,soon
610,event
611,known
612,track
613,articl
614,print
615,longer
616,tax
617,properti
618,function
619,pretti
620,mention
621,toner
622,store
623,dear
624,commiss
625,men
626,default
627,debt
628,pc
629,hous
630,oblig
631,sun
632,microsoft
633,respect
634,upgrad
635,due
636,organ
637,script
638,bulk
639,imag
640,enenkio
641,administr
642,weight
643,payment
644,daili
645,health
646,along
647,freedom
648,practic
649,bonu
650,net
651,billion
652,propos
653,worth
654,offici
655,cartridg
656,usa
657,capit
658,languag
659,strategi
660,came
661,resourc
662,leav
663,late
664,half
665,anyway
666,platform
667,exactli
668,concern
669,street
670,remain
671,clear
672,assum
673,devic
674,html
675,lost
676,car
677,la
678,ok
679,review
680,tire
681,ignor
682,tue
683,interact
684,head
685,went
686,respond
687,hear
688,tablet
689,taken
690,deliv
691,independ
692,configur
693,bring
694,perhap
695,clean
696,compar
697,qualifi
698,averag
699,fine
700,watch
701,press
702,space
703,invok
704,recommend
705,retail
706,expens
707,short
708,school
709,fee
710,n
711,fall
712,memori
713,host
714,membership
715,enabl
716,field
717,guess
718,consult
719,huge
720,usual
721,extrem
722,suit
723,xml
724,edit
725,choos
726,warn
727,advantag
728,common
729,agre
730,except
731,port
732,en
733,materi
734,region
735,normal
736,abil
737,educ
738,side
739,fri
740,basic
741,announc
742,five
743,although
744,cheer
745,item
746,le
747,drop
748,told
749,paper
750,guy
751,dream
752,main
753,growth
754,readi
755,hold
756,spend
757,vulner
758,replac
759,electron
760,model
761,win
762,confidenti
763,face
764,left
765,interfac
766,studi
767,unseen
768,reserv
769,loss
770,mon
771,altern
772,kingdom
773,accord
774,safe
775,intend
776,choic
777,approv
778,implement
779,multipl
780,id
781,oz
782,histori
783,rest
784,situat
785,commerci
786,extra
787,moment
788,chanc
789,investig
790,insid
791,employ
792,section
793,combin
794,togeth
795,quick
796,initi
797,coupl
798,pictur
799,purpos
800,advanc
801,confirm
802,msg
803,goe
804,break
805,avoid
806,unless
807,j
808,monday
809,across
810,court
811,util
812,particular
813,fals
814,object
815,burn
816,energi
817,score
818,express
819,india
820,et
821,male
822,societi
823,video
824,took
825,indic
826,owner
827,p
828,count
829,sens
830,speed
831,directli
832,correct
833,filter
834,agenc
835,profil
836,four
837,anywher
838,procedur
839,variou
840,die
841,period
842,uniqu
843,especi
844,match
845,gpl
846,ventur
847,black
848,seek
849,sex
850,consum
851,piec
852,kevin
853,investor
854,behalf
855,spammer
856,certain
857,whatev
858,color
859,adam
860,explain
861,popul
862,class
863,setup
864,knowledg
865,oh
866,cut
867,remot
868,gain
869,latest
870,tip
871,atol
872,militari
873,dagga
874,unison
875,ftp
876,block
877,south
878,marshal
879,gari
880,googl
881,unix
882,lawrenc
883,patch
884,tv
885,valuabl
886,shop
887,establish
888,smoke
889,switch
890,team
891,aaaaaaaaaaaaaaaaaaaaaaaaaaaaaaaaaaaaaaaaaaaaaaaaaaaaaaaaaaaaaaaaaaaaaaaaaaaa
892,imagin
893,java
894,ragga
895,prevent
896,integr
897,robert
898,boot
899,prepar
900,attempt
901,third
902,will
903,privaci
904,folk
905,particip
906,sometim
907,hardwar
908,manual
909,sorri
910,heard
911,necessari
912,reduc
913,tag
914,screen
915,saou
916,congress
917,york
918,bottl
919,fastest
920,night
921,sa
922,certainli
923,china
924,valid
925,backup
926,cover
927,enjoy
928,stand
929,depart
930,suppos
931,obtain
932,mass
933,driver
934,goal
935,seriou
936,path
937,alb
938,regul
939,botan
940,capabl
941,lower
942,amaz
943,competit
944,speak
945,land
946,fulli
947,h
948,promis
949,medic
950,poor
951,apolog
952,deathtospamdeathtospamdeathtospam
953,lowest
954,extend
955,scienc
956,traffic
957,introduc
958,describ
959,defin
960,movi
961,troubl
962,titl
963,paul
964,cv
965,exchang
966,film
967,neg
968,easier
969,os
970,sender
971,f
972,wireless
973,decis
974,rang
975,osdn
976,technic
977,death
978,approach
979,six
980,murphi
981,earli
982,predict
983,fortun
984,fat
985,redhat
986,white
987,written
988,quickli
989,beberg
990,commit
991,king
992,kill
993,worri
994,im
995,sold
996,telephon
997,mobil
998,michael
999,apt
1000,uk
1001,firm
1002,judgment
1003,seventh
1004,ham
1005,music
1006,opinion
1007,ensur
1008,economi
1009,father
1010,north
1011,desir
1012,premium
1013,attach
1014,faster
1015,librari
1016,definit
1017,player
1018,achiev
1019,adult
1020,archiv
1021,appar
1022,button
1023,argument
1024,bar
1025,techniqu
1026,enterpris
1027,separ
1028,travel
1029,threat
1030,demand
1031,cooper
1032,deserv
1033,board
1034,browser
1035,anim
1036,condit
1037,hello
1038,modul
1039,outsid
1040,terrorist
1041,david
1042,wide
1043,enhanc
1044,stay
1045,attent
1046,elimin
1047,dave
1048,estat
1049,expert
1050,determin
1051,cabl
1052,children
1053,virtual
1054,pain
1055,repres
1056,drug
1057,wall
1058,monthli
1059,washington
1060,held
1061,environ
1062,declar
1063,gnupg
1064,modifi
1065,sincer
1066,kid
1067,permiss
1068,danger
1069,signific
1070,fun
1071,relev
1072,confid
1073,g
1074,l
1075,w
1076,iii
1077,rich
1078,cat
1079,diet
1080,canada
1081,programm
1082,sum
1083,air
1084,none
1085,equip
1086,cc
1087,exclus
1088,popular
1089,forev
1090,proven
1091,excel
1092,bottom
1093,justin
1094,bitbitch
1095,paragraph
1096,usd
1097,expand
1098,central
1099,factor
1100,string
1101,skip
1102,centuri
1103,friday
1104,sexual
1105,anybodi
1106,identifi
1107,near
1108,monitor
1109,relationship
1110,challeng
1111,director
1112,behind
1113,appreci
1114,toward
1115,terror
1116,excit
1117,asset
1118,girl
1119,confer
1120,exercis
1121,perfect
1122,discoveri
1123,citizen
1124,progress
1125,rais
1126,unsolicit
1127,whose
1128,among
1129,rh
1130,defens
1131,difficult
1132,west
1133,fit
1134,road
1135,hettinga
1136,sampl
1137,rel
1138,thread
1139,lender
1140,partit
1141,intellig
1142,colleg
1143,spain
1144,entri
1145,photo
1146,illeg
1147,confus
1148,william
1149,earth
1150,reader
1151,acquir
1152,octob
1153,solv
1154,strong
1155,chief
1156,serv
1157,tie
1158,seri
1159,instant
1160,european
1161,largest
1162,verifi
1163,tree
1164,measur
1165,fair
1166,stupid
1167,smart
1168,refin
1169,french
1170,extract
1171,mode
1172,san
1173,regular
1174,peac
1175,built
1176,equival
1177,sweet
1178,reliabl
1179,resid
1180,oct
1181,lock
1182,mac
1183,conveni
1184,procmail
1185,laptop
1186,slow
1187,datapow
1188,inlin
1189,suse
1190,tradit
1191,brian
1192,categori
1193,dead
1194,africa
1195,tim
1196,warranti
1197,graphic
1198,front
1199,voic
1200,leader
1201,europ
1202,cach
1203,deliveri
1204,ident
1205,emerg
1206,useless
1207,realiz
1208,femal
1209,pattern
1210,evid
1211,capillari
1212,ten
1213,annuiti
1214,desktop
1215,gnu
1216,occur
1217,art
1218,statu
1219,compat
1220,campaign
1221,fire
1222,abus
1223,therefor
1224,young
1225,gift
1226,cultur
1227,satellit
1228,herba
1229,higher
1230,previous
1231,concept
1232,physic
1233,revenu
1234,institut
1235,aid
1236,inde
1237,deposit
1238,walk
1239,june
1240,convers
1241,thursday
1242,brand
1243,launch
1244,degre
1245,concentr
1246,roll
1247,nigeria
1248,otherwis
1249,doubt
1250,ms
1251,contribut
1252,wife
1253,pacif
1254,former
1255,yeah
1256,unlimit
1257,honor
1258,compet
1259,forget
1260,weapon
1261,arriv
1262,echo
1263,background
1264,indian
1265,repositori
1266,carri
1267,classifi
1268,token
1269,critic
1270,listen
1271,conflict
1272,recipi
1273,fight
1274,affili
1275,storag
1276,powel
1277,percent
1278,discount
1279,extens
1280,app
1281,surpris
1282,tech
1283,sat
1284,isp
1285,unfortun
1286,password
1287,hot
1288,succeed
1289,civil
1290,effici
1291,jabber
1292,sit
1293,basi
1294,water
1295,assur
1296,sleep
1297,hermio
1298,detect
1299,alsa
1300,printer
1301,output
1302,panel
1303,kept
1304,substanti
1305,garrigu
1306,intro
1307,ip
1308,jm
1309,tabl
1310,menu
1311,worldwid
1312,proprietari
1313,light
1314,mine
1315,enemi
1316,catch
1317,descript
1318,attract
1319,scan
1320,inc
1321,pull
1322,index
1323,v
1324,disabl
1325,nobodi
1326,advic
1327,truth
1328,god
1329,joe
1330,pudg
1331,saw
1332,wednesday
1333,revers
1334,analysi
1335,euro
1336,seven
1337,manufactur
1338,gone
1339,vendor
1340,agreement
1341,structur
1342,patent
1343,room
1344,specifi
1345,franc
1346,jame
1347,cool
1348,vote
1349,alon
1350,k
1351,balanc
1352,morn
1353,decad
1354,lack
1355,teach
1356,charact
1357,editor
1358,awar
1359,whitelist
1360,wast
1361,boston
1362,california
1363,gold
1364,obvious
1365,polic
1366,construct
1367,innov
1368,treat
1369,zip
1370,financ
1371,insert
1372,highli
1373,theori
1374,u
1375,tom
1376,career
1377,trick
1378,journal
1379,ga
1380,temperatur
1381,clue
1382,constitut
1383,greater
1384,flag
1385,ultim
1386,gcc
1387,impress
1388,encourag
1389,afford
1390,touch
1391,incred
1392,int
1393,spec
1394,son
1395,middl
1396,correspond
1397,usag
1398,brain
1399,anymor
1400,peni
1401,attorney
1402,cent
1403,ebay
1404,greg
1405,wake
1406,hp
1407,blood
1408,master
1409,annual
1410,larger
1411,trial
1412,mechan
1413,previou
1414,dan
1415,boy
1416,jim
1417,mother
1418,summari
1419,input
1420,blank
1421,democrat
1422,suffer
1423,hate
1424,cbyi
1425,urgent
1426,stream
1427,el
1428,mike
1429,cheap
1430,pound
1431,focu
1432,advis
1433,perman
1434,smtp
1435,judg
1436,speech
1437,varieti
1438,particularli
1439,skeptic
1440,star
1441,suspect
1442,php
1443,mostli
1444,flow
1445,underwrit
1446,mistak
1447,percentag
1448,dynam
1449,vacat
1450,instanc
1451,delay
1452,obviou
1453,wealth
1454,behavior
1455,dark
1456,republ
1457,warm
1458,super
1459,binari
1460,keyboard
1461,earlier
1462,eye
1463,toni
1464,comfort
1465,destruct
1466,firewal
1467,rock
1468,arm
1469,ban
1470,woman
1471,reveal
1472,ireland
1473,affect
1474,telecom
1475,termin
1476,channel
1477,mailer
1478,laserjet
1479,rick
1480,tend
1481,english
1482,knew
1483,rss
1484,consolid
1485,heart
1486,char
1487,motiv
1488,steve
1489,essenti
1490,se
1491,vipul
1492,prospect
1493,floppi
1494,skill
1495,btw
1496,consist
1497,recogn
1498,alli
1499,domest
1500,principl
1501,core
1502,highlight
1503,pack
1504,beta
1505,style
1506,prompt
1507,estim
1508,lawyer
1509,wing
1510,magazin
1511,pipe
1512,gnome
1513,bonus
1514,defend
1515,opt
1516,eventu
1517,somewher
1518,nearli
1519,lifetim
1520,invit
1521,unlik
1522,dell
1523,task
1524,planta
1525,comprehens
1526,role
1527,fl
1528,vehicl
1529,ftoc
1530,beat
1531,sensit
1532,staff
1533,despit
1534,ground
1535,hair
1536,restor
1537,march
1538,roman
1539,modem
1540,babi
1541,teledynam
1542,clearli
1543,audio
1544,food
1545,biggest
1546,eat
1547,dn
1548,python
1549,map
1550,histor
1551,modern
1552,pocket
1553,picasso
1554,strength
1555,strongli
1556,revis
1557,suck
1558,eval
1559,complianc
1560,impact
1561,favor
1562,convert
1563,fresh
1564,bind
1565,commentari
1566,exploit
1567,senior
1568,met
1569,dragon
1570,coverag
1571,shown
1572,british
1573,interview
1574,mlm
1575,minimum
1576,conserv
1577,peter
1578,config
1579,protocol
1580,texa
1581,truli
1582,spot
1583,doctor
1584,everybodi
1585,failur
1586,employe
1587,dont
1588,stabl
1589,permit
1590,equal
1591,mailbox
1592,mile
1593,gave
1594,font
1595,beyond
1596,instantli
1597,liber
1598,reli
1599,q
1600,signal
1601,visa
1602,tape
1603,brought
1604,auto
1605,typic
1606,tx
1607,synchron
1608,optim
1609,consider
1610,proper
1611,showcas
1612,calcul
1613,distanc
1614,geeg
1615,expir
1616,exact
1617,draw
1618,translat
1619,variabl
1620,chines
1621,led
1622,startup
1623,crash
1624,al
1625,revok
1626,dial
1627,worst
1628,prove
1629,plant
1630,extern
1631,broker
1632,boss
1633,yesterday
1634,imposs
1635,neighbor
1636,crimin
1637,spent
1638,hidden
1639,favorit
1640,evil
1641,annoy
1642,stylu
1643,finish
1644,netscap
1645,sir
1646,retriev
1647,bearer
1648,foundat
1649,pop
1650,acknowledg
1651,ran
1652,sole
1653,artist
1654,rare
1655,z
1656,feet
1657,bigger
1658,strang
1659,repair
1660,scientist
1661,rebuild
1662,evalu
1663,somebodi
1664,rob
1665,england
1666,guidelin
1667,serious
1668,hell
1669,portion
1670,sport
1671,properli
1672,edward
1673,autom
1674,beauti
1675,hack
1676,poverti
1677,equiti
1678,safeti
1679,hotel
1680,planet
1681,scheme
1682,jump
1683,chicago
1684,lie
1685,antiqu
1686,gentl
1687,spread
1688,hire
1689,push
1690,summer
1691,restrict
1692,minor
1693,bell
1694,sunday
1695,iiu
1696,explor
1697,station
1698,correctli
1699,ii
1700,strip
1701,prescript
1702,climat
1703,currenc
1704,headlin
1705,vou
1706,diseas
1707,entertain
1708,para
1709,shape
1710,threaten
1711,epson
1712,recruit
1713,fundament
1714,becam
1715,radio
1716,student
1717,lo
1718,primari
1719,mount
1720,hang
1721,mainten
1722,seed
1723,spamd
1724,happier
1725,resum
1726,recal
1727,architectur
1728,craig
1729,protest
1730,proxi
1731,herb
1732,merchant
1733,husband
1734,damag
1735,laser
1736,muscl
1737,doubl
1738,corpu
1739,stick
1740,prioriti
1741,settlement
1742,sendmail
1743,viagra
1744,disclaim
1745,exit
1746,buyer
1747,vast
1748,remedi
1749,van
1750,feroc
1751,plug
1752,faith
1753,fantasi
1754,somehow
1755,camera
1756,ssh
1757,georg
1758,hall
1759,moor
1760,feedback
1761,disappear
1762,wors
1763,ticket
1764,laugh
1765,reg
1766,creativ
1767,dozen
1768,angl
1769,prior
1770,green
1771,luck
1772,western
1773,broken
1774,tel
1775,aspect
1776,pour
1777,usb
1778,child
1779,bother
1780,supplement
1781,realiti
1782,batteri
1783,reject
1784,kathmandu
1785,oil
1786,feed
1787,norton
1788,symbol
1789,seminar
1790,hormon
1791,anonym
1792,arrang
1793,convent
1794,appeal
1795,entrepreneur
1796,substanc
1797,eugen
1798,allianc
1799,parent
1800,argu
1801,shot
1802,authent
1803,democraci
1804,acceler
1805,encrypt
1806,committe
1807,shall
1808,perfectli
1809,doc
1810,convinc
1811,sponsorship
1812,phrase
1813,legitim
1814,à
1815,statist
1816,slightli
1817,park
1818,serial
1819,neither
1820,random
1821,shock
1822,funni
1823,observ
1824,mozilla
1825,electr
1826,resolv
1827,ie
1828,door
1829,highest
1830,nort
1831,strictli
1832,east
1833,barcelona
1834,edificio
1835,merg
1836,refund
1837,solari
1838,frame
1839,meant
1840,hey
1841,edg
1842,queri
1843,auction
1844,award
1845,empir
1846,appropri
1847,postal
1848,volum
1849,surviv
1850,union
1851,fear
1852,pressur
1853,bear
1854,stabil
1855,repeat
1856,lesson
1857,survey
1858,aphrodisia
1859,capac
1860,daniel
1861,hunt
1862,kelli
1863,carrier
1864,smaller
1865,tomorrow
1866,damn
1867,arrest
1868,bought
1869,declin
1870,trip
1871,virus
1872,alter
1873,twice
1874,strike
1875,pablo
1876,fairli
1877,aggress
1878,weekend
1879,owen
1880,farquhar
1881,mason
1882,mr
1883,te
1884,amend
1885,herbal
1886,banner
1887,odd
1888,testimoni
1889,prosaka
1890,compon
1891,welch
1892,duplic
1893,inbox
1894,complain
1895,appl
1896,harm
1897,zero
1898,cancel
1899,race
1900,licenc
1901,cold
1902,winner
1903,gmt
1904,promiscu
1905,easiest
1906,nt
1907,januari
1908,ah
1909,exclud
1910,violat
1911,round
1912,pill
1913,bunch
1914,spray
1915,scam
1916,audienc
1917,bandwidth
1918,blog
1919,farm
1920,formula
1921,hmm
1922,reduct
1923,md
1924,vari
1925,ratio
1926,honest
1927,deni
1928,mirror
1929,mh
1930,genet
1931,debian
1932,nativ
1933,viru
1934,algorithm
1935,presum
1936,partnership
1937,label
1938,iraq
1939,martin
1940,compens
1941,split
1942,sea
1943,gibbon
1944,analyst
1945,austin
1946,gay
1947,tab
1948,brief
1949,possess
1950,club
1951,approxim
1952,reboot
1953,renew
1954,â
1955,precis
1956,bankruptci
1957,vjestika
1958,elsewher
1959,reward
1960,porn
1961,roger
1962,grand
1963,saturday
1964,dramat
1965,deploy
1966,envelop
1967,msgid
1968,gordon
1969,massiv
1970,plugin
1971,processor
1972,buffer
1973,weekli
1974,blue
1975,lift
1976,mous
1977,invent
1978,millionair
1979,rohit
1980,cancer
1981,infrastructur
1982,writer
1983,empti
1984,ibm
1985,agreeabl
1986,anytim
1987,retir
1988,adopt
1989,inspir
1990,fuck
1991,prohibit
1992,engag
1993,collabor
1994,sm
1995,religion
1996,flash
1997,dig
1998,aol
1999,inconveni
2000,apart
2001,that
2002,ps
2003,nvidia
2004,complex
2005,environment
2006,assembl
2007,solicit
2008,thoma
2009,conduct
2010,northern
2011,african
2012,justic
2013,plenti
2014,harley
2015,ministri
2016,satisfi
2017,shell
2018,cycl
2019,length
2020,schedul
2021,experienc
2022,acquisit
2023,img
2024,rout
2025,duncan
2026,distro
2027,own
2028,self
2029,candid
2030,rose
2031,onto
2032,enforc
2033,began
2034,mere
2035,swap
2036,bound
2037,excess
2038,encount
2039,clock
2040,farmer
2041,henc
2042,london
2043,straight
2044,newspap
2045,famou
2046,evolv
2047,prosper
2048,grab
2049,deep
2050,kate
2051,transform
2052,attend
2053,liter
2054,guido
2055,conclud
2056,elect
2057,scale
2058,domin
2059,minim
2060,homeown
2061,throw
2062,registr
2063,televis
2064,demonstr
2065,russian
2066,pointer
2067,wholesal
2068,receipt
2069,oppos
2070,colleagu
2071,boost
2072,context
2073,murder
2074,glad
2075,buck
2076,lawsuit
2077,hors
2078,unabl
2079,christian
2080,mix
2081,wave
2082,preserv
2083,chat
2084,toll
2085,niall
2086,rank
2087,proof
2088,religi
2089,routin
2090,co
2091,assert
2092,da
2093,resel
2094,skin
2095,corrupt
2096,blame
2097,russia
2098,attain
2099,crime
2100,remark
2101,entiti
2102,loop
2103,valhalla
2104,vircio
2105,moral
2106,replica
2107,brent
2108,destroy
2109,accur
2110,newsgroup
2111,marshalles
2112,numer
2113,abacha
2114,inkjet
2115,forest
2116,passphras
2117,tast
2118,icq
2119,glm
2120,tune
2121,habea
2122,mathemat
2123,paypal
2124,webmast
2125,scientif
2126,asia
2127,victim
2128,bless
2129,null
2130,throughout
2131,hash
2132,brother
2133,yield
2134,regardless
2135,heavi
2136,song
2137,po
2138,chart
2139,jar
2140,sheet
2141,column
2142,mountain
2143,rise
2144,joseph
2145,visitor
2146,bu
2147,ben
2148,frequent
2149,na
2150,yellow
2151,formal
2152,embed
2153,hint
2154,amateur
2155,classic
2156,labor
2157,bay
2158,branch
2159,pro
2160,remind
2161,aim
2162,logic
2163,limbo
2164,town
2165,freebsd
2166,mess
2167,trace
2168,dog
2169,pure
2170,incompat
2171,drink
2172,chip
2173,consequ
2174,worker
2175,assign
2176,privileg
2177,imho
2178,decemb
2179,exhibit
2180,satisfact
2181,exceed
2182,violenc
2183,il
2184,syntax
2185,spamtrap
2186,prize
2187,topic
2188,negoti
2189,opposit
2190,pars
2191,focus
2192,que
2193,coast
2194,felt
2195,smoker
2196,est
2197,joke
2198,ladi
2199,spirit
2200,adapt
2201,crap
2202,gambl
2203,export
2204,appoint
2205,pursu
2206,vice
2207,cheaper
2208,lib
2209,battl
2210,byte
2211,tremend
2212,fan
2213,pa
2214,batch
2215,stamp
2216,circumst
2217,incorpor
2218,specialist
2219,stage
2220,complic
2221,trivial
2222,admit
2223,gather
2224,caught
2225,unwant
2226,older
2227,struggl
2228,entitl
2229,florida
2230,sophist
2231,truck
2232,liberti
2233,ui
2234,alan
2235,kit
2236,loos
2237,strengthen
2238,okay
2239,moder
2240,bet
2241,goto
2242,dublin
2243,boundari
2244,keyword
2245,sur
2246,alert
2247,compress
2248,riaa
2249,intel
2250,unknown
2251,affair
2252,compel
2253,lover
2254,jodi
2255,chairman
2256,airlin
2257,ideal
2258,ved
2259,ahead
2260,disclosur
2261,transmiss
2262,penni
2263,britain
2264,airport
2265,owe
2266,hole
2267,ownership
2268,belief
2269,sector
2270,album
2271,wear
2272,muslim
2273,margin
2274,pioneer
2275,trend
2276,australia
2277,surfac
2278,mastercard
2279,pickl
2280,dice
2281,dump
2282,wa
2283,marri
2284,refus
2285,stress
2286,suffici
2287,encod
2288,outlook
2289,raw
2290,adjust
2291,jack
2292,ice
2293,lay
2294,timeout
2295,overal
2296,reform
2297,relay
2298,mplayer
2299,stephen
2300,majesti
2301,maker
2302,maximum
2303,scott
2304,tin
2305,palestinian
2306,msn
2307,assumpt
2308,weak
2309,weather
2310,schuman
2311,sentenc
2312,debug
2313,portabl
2314,hawaii
2315,chain
2316,wealthi
2317,ne
2318,curv
2319,magic
2320,influenc
2321,captur
2322,propag
2323,egg
2324,finger
2325,whatsoev
2326,spring
2327,bone
2328,catalog
2329,lilo
2330,retain
2331,explan
2332,ou
2333,weird
2334,silli
2335,heck
2336,submiss
2337,holiday
2338,crack
2339,vision
2340,session
2341,patrick
2342,frustrat
2343,mandat
2344,admin
2345,depress
2346,astronom
2347,dinosaur
2348,endeavor
2349,trademark
2350,shout
2351,ethic
2352,belong
2353,ar
2354,outstand
2355,latter
2356,movement
2357,besid
2358,buri
2359,api
2360,rah
2361,intellectu
2362,speaker
2363,hacker
2364,randomli
2365,mysql
2366,rapidli
2367,minist
2368,inexpens
2369,hospit
2370,unusu
2371,fli
2372,ram
2373,gpg
2374,francisco
2375,circl
2376,spambay
2377,settl
2378,casino
2379,corner
2380,bomb
2381,tower
2382,virginia
2383,scratch
2384,scholarship
2385,fuel
2386,germani
2387,iroijlaplap
2388,formul
2389,preced
2390,expos
2391,abandon
2392,organis
2393,theme
2394,plane
2395,ce
2396,recognit
2397,intent
2398,constant
2399,lean
2400,xxx
2401,jeremi
2402,twenti
2403,tivo
2404,ton
2405,snore
2406,celebr
2407,openssl
2408,ez
2409,du
2410,proceed
2411,igtt
2412,ir
2413,joint
2414,prob
2415,necessarili
2416,pentium
2417,greatest
2418,thirti
2419,hide
2420,openssh
2421,german
2422,bsd
2423,une
2424,draft
2425,es
2426,marriag
2427,jurisdict
2428,maxim
2429,japan
2430,dr
2431,armi
2432,relax
2433,arg
2434,greet
2435,harvest
2436,richard
2437,forum
2438,element
2439,wild
2440,season
2441,recov
2442,conclus
2443,tweak
2444,fp
2445,framework
2446,raid
2447,burner
2448,advisor
2449,layer
2450,potent
2451,render
2452,freez
2453,council
2454,pleasur
2455,shoot
2456,till
2457,contest
2458,zone
2459,scenario
2460,rm
2461,magnitud
2462,flight
2463,distributor
2464,trader
2465,fashion
2466,bond
2467,anthoni
2468,everywher
2469,tobacco
2470,invalid
2471,notifi
2472,capitalist
2473,murjel
2474,telecommun
2475,con
2476,ratak
2477,bob
2478,crazi
2479,angel
2480,asian
2481,leas
2482,maxaman
2483,boom
2484,subsequ
2485,dedic
2486,decreas
2487,pci
2488,quarter
2489,scope
2490,elig
2491,mutual
2492,commerc
2493,milter
2494,ximian
2495,hook
2496,apach
2497,fiction
2498,combat
2499,accid
